Age,Salary,Joining Date,Experience
48,5641,03-05-2015,16
25,4249,09-11-2020,11
57,3058,12-02-2019,1
58,5895,08-09-2017,13
35,4317,15-02-2020,16
29,2591,24-06-2016,6
39,6826,11-05-2023,4
52,6285,01-04-2015,8
63,9862,07-02-2024,3
30,8202,26-05-2018,9
42,5336,28-01-2015,7
60,6908,14-03-2015,19
61,5688,21-06-2020,4
34,5593,23-06-2019,2
31,8568,01-06-2020,20
62,5386,25-07-2017,2
59,6586,19-02-2019,7
31,3519,18-05-2018,6
38,9061,16-07-2017,16
57,7251,07-06-2023,10
35,4565,07-02-2018,9
61,4071,04-05-2020,9
35,9598,16-12-2015,4
31,5386,30-01-2021,3
21,9275,09-04-2022,12
30,6120,20-02-2020,7
20,4899,01-05-2024,8
55,4608,07-07-2018,18
65,9190,28-10-2019,12
22,9661,18-08-2016,17
21,4780,20-01-2020,7
63,4270,16-12-2021,20
65,6547,10-06-2024,10
42,5207,17-08-2017,4
51,9259,26-09-2017,17
35,9078,12-06-2019,7
39,2364,25-02-2018,15
18,2904,11-04-2021,17
33,8678,15-05-2016,9
36,8870,12-08-2024,17
20,6621,29-01-2024,20
58,9512,10-11-2024,8
27,6655,22-10-2021,2
64,2427,19-12-2014,6
20,4184,03-10-2017,13
27,4356,31-10-2020,11
47,7966,03-09-2019,8
48,5848,03-02-2017,2
46,2773,25-02-2023,9
23,6253,21-09-2023,14
27,3253,07-12-2015,12
62,6149,17-09-2023,11
42,6567,26-03-2022,19
62,5721,07-01-2019,7
63,4533,11-10-2023,16
40,8745,29-07-2020,12
38,4954,11-08-2024,12
58,3635,09-04-2021,7
57,4651,07-02-2018,19
19,5937,12-04-2021,9
51,8544,08-02-2020,6
33,2851,30-01-2023,11
57,3933,02-06-2023,6
39,2585,17-02-2023,1
20,3718,19-10-2019,4
44,2436,01-01-2021,5
25,7637,21-09-2021,4
27,6921,31-10-2024,3
29,7554,19-10-2017,17
64,2442,28-09-2020,14
40,2466,08-04-2018,15
45,3897,18-05-2019,12
52,8386,06-04-2016,14
60,3767,21-03-2018,3
18,8622,01-07-2023,13
31,8032,20-10-2023,11
47,2025,14-05-2015,5
19,4698,23-02-2016,15
56,5457,22-05-2016,11
39,5562,06-07-2019,7
28,2077,28-07-2021,11
62,4292,12-11-2020,7
49,3111,02-11-2020,3
18,5470,23-06-2017,8
39,3115,01-07-2020,4
29,9901,04-10-2017,7
34,8629,08-01-2015,9
28,6839,07-01-2023,4
41,6828,02-08-2024,10
60,8710,16-07-2020,10
31,3488,16-03-2023,3
58,5271,20-12-2023,7
38,4897,13-03-2021,4
21,2860,06-02-2023,4
62,3482,29-01-2018,20
45,3427,08-06-2024,8
22,5432,14-01-2017,14
33,2378,07-08-2015,20
20,6768,15-09-2018,2
33,8076,24-12-2017,9
26,9538,23-01-2021,3
27,2912,22-02-2020,3
34,6742,16-09-2019,8
32,6458,25-03-2023,7
31,2752,28-04-2021,6
25,7371,06-10-2015,13
21,5133,19-12-2017,11
24,2578,05-01-2019,16
51,7457,24-04-2019,15
58,7263,10-12-2017,20
65,2166,20-08-2016,17
31,2303,30-10-2021,18
34,9812,29-01-2016,13
65,4940,26-03-2021,11
40,3935,10-05-2021,19
19,3233,10-05-2017,6
45,4012,09-07-2016,10
32,8619,16-01-2021,8
48,2898,02-01-2022,12
22,7187,26-01-2024,1
39,9941,06-07-2024,15
25,5121,12-06-2020,1
46,7991,21-04-2017,13
24,5287,08-03-2018,1
23,3754,16-10-2022,8
38,2358,25-12-2016,14
65,8122,27-11-2015,15
65,9973,03-05-2020,19
28,2488,21-01-2019,6
64,7378,22-09-2019,18
64,7647,07-07-2021,8
38,2052,07-08-2020,9
64,5723,26-06-2021,19
30,3856,19-01-2022,13
33,3843,03-08-2023,18
49,3128,29-09-2023,6
56,8154,29-06-2017,9
34,4286,17-05-2020,7
46,3829,21-08-2021,11
27,8855,18-11-2020,18
18,8733,15-08-2020,19
38,5883,22-10-2024,14
42,3591,17-07-2020,20
46,6368,07-04-2024,2
25,3003,14-05-2019,19
20,4757,07-07-2017,8
22,8152,30-01-2018,4
37,6429,23-09-2023,10
57,3757,12-07-2023,19
28,8198,23-10-2020,15
54,2364,28-09-2017,5
58,2621,26-08-2018,16
31,4451,31-12-2017,1
29,4056,01-11-2023,17
63,5746,20-11-2018,5
56,5982,03-12-2016,11
43,4710,26-06-2021,16
19,4527,28-04-2015,14
34,9719,31-07-2019,2
26,6157,30-04-2018,15
31,8428,17-09-2024,11
36,3284,20-04-2015,15
32,8958,15-03-2017,17
25,9021,15-09-2016,11
57,3479,15-11-2017,13
49,6194,12-05-2024,19
28,3862,21-10-2018,3
56,6006,21-10-2023,4
22,2523,10-08-2022,4
24,6041,07-12-2024,4
48,2913,04-12-2020,6
64,6767,14-04-2023,11
19,6735,26-01-2022,12
21,4043,10-10-2015,20
46,8354,26-10-2015,10
32,5224,27-01-2019,15
37,6706,29-05-2021,9
52,8899,12-01-2016,17
36,7885,04-06-2016,2
34,3671,08-05-2021,16
33,6833,04-02-2015,16
58,5025,24-10-2020,13
45,3979,07-03-2024,12
22,8840,17-01-2023,17
19,8470,20-12-2016,1
51,7894,29-12-2014,11
48,3064,26-08-2023,11
39,2149,10-05-2023,17
50,3737,07-08-2021,4
21,7708,10-11-2021,20
25,9374,22-08-2019,15
29,3049,29-08-2018,2
29,2776,24-02-2021,1
54,4678,18-01-2019,6
34,3397,25-06-2022,2
20,3386,31-08-2020,1
22,6539,12-07-2022,2
23,3175,21-05-2021,9
51,7908,14-04-2023,2
23,8119,01-01-2018,5
48,9930,04-08-2019,19
23,3514,01-10-2018,1
59,6267,12-01-2021,6
28,8416,21-02-2022,8
29,5703,16-12-2018,10
55,2127,09-02-2019,8
43,8563,28-12-2017,11
24,7539,05-02-2021,5
58,2223,29-06-2024,8
44,3517,11-01-2022,10
42,4603,30-07-2016,12
62,4751,27-10-2022,3
54,6942,02-02-2021,5
32,2489,11-12-2015,3
65,4538,01-02-2016,8
50,9377,16-10-2019,3
35,8129,29-06-2024,3
25,7335,05-11-2017,3
38,3663,14-06-2016,3
20,4328,01-05-2018,12
48,7067,23-11-2023,8
20,6389,05-03-2017,6
62,7732,20-08-2020,18
59,3379,30-07-2018,8
27,3660,15-12-2023,9
51,9160,27-04-2017,15
49,8733,06-02-2019,2
45,8587,21-01-2019,18
51,9139,16-08-2020,1
39,7250,11-07-2016,1
41,4782,09-12-2015,7
26,6975,26-03-2016,14
50,8718,17-07-2024,18
40,7461,13-04-2022,7
33,7974,15-02-2017,7
42,4401,17-11-2022,9
46,8607,21-01-2019,3
49,3659,11-01-2023,10
65,6332,09-05-2015,12
37,9356,02-01-2018,3
33,2996,10-11-2023,11
54,9516,19-10-2021,8
35,2847,19-02-2020,11
26,8181,19-02-2016,14
55,7725,22-11-2024,10
60,7911,24-03-2019,7
50,2550,17-12-2021,15
22,2649,21-09-2024,8
65,8882,23-11-2018,2
25,2994,21-09-2015,14
38,9924,10-01-2019,20
50,3091,15-05-2015,16
61,3063,18-03-2018,4
44,5443,20-04-2018,9
45,9207,05-01-2020,4
49,3081,23-08-2017,5
19,4084,23-08-2022,7
18,4520,24-01-2021,4
40,4123,09-10-2022,6
35,9624,04-03-2019,19
52,4322,29-07-2022,4
18,7774,21-12-2015,12
58,3439,13-12-2022,16
40,9455,19-11-2023,14
31,7692,01-09-2018,19
65,8334,28-05-2024,15
50,5970,23-06-2016,4
19,3504,04-04-2020,14
30,4107,02-12-2018,14
31,5819,20-08-2023,8
30,5472,07-01-2024,6
65,2417,18-06-2021,17
25,8613,20-11-2016,3
30,4347,16-01-2018,6
48,7287,06-03-2019,9
22,9749,15-05-2019,5
45,4514,11-06-2022,2
22,4226,01-10-2024,8
49,7561,31-12-2016,14
39,5956,16-04-2015,16
49,2175,09-05-2022,16
42,5756,12-09-2019,13
45,4104,18-09-2017,5
18,2364,27-11-2016,12
63,8704,28-09-2021,10
29,2993,14-02-2015,8
20,4409,30-10-2015,20
60,3162,14-06-2017,20
54,5523,21-02-2020,9
30,9921,01-10-2018,2
25,7864,12-12-2015,19
47,8158,07-02-2022,6
29,5883,26-06-2016,18
41,3174,05-09-2017,16
24,7332,28-11-2020,10
21,4009,22-02-2015,13
20,8316,09-02-2021,5
55,2414,02-11-2020,4
45,2330,17-07-2015,17
38,9375,23-12-2022,2
31,7039,26-01-2021,18
26,8385,17-10-2023,15
31,3002,02-09-2018,9
27,6648,04-02-2019,18
55,7545,30-10-2017,11
36,7992,20-04-2024,7
57,9161,02-08-2022,5
63,4979,22-09-2015,6
49,7149,30-12-2023,3
33,3636,22-04-2017,7
51,4572,28-07-2020,20
58,3700,17-04-2023,16
26,3495,03-01-2015,18
33,4391,03-05-2020,6
45,3700,28-02-2016,2
46,8499,08-12-2022,4
43,7956,14-06-2023,1
63,6741,16-03-2021,7
61,7087,27-09-2024,11
58,6233,30-04-2024,1
22,7299,26-10-2019,6
39,7014,03-04-2018,7
53,7727,13-03-2021,16
46,8306,14-11-2024,15
61,3002,05-12-2023,5
26,2156,16-12-2021,16
27,5280,24-06-2016,19
22,7928,11-05-2021,1
41,6164,13-12-2017,11
32,5502,13-04-2021,9
39,6830,28-06-2015,20
52,5380,23-04-2020,8
38,6259,13-06-2016,5
25,8301,16-04-2020,14
56,6496,20-10-2018,11
35,3656,10-10-2016,16
58,4908,25-09-2015,18
60,9385,29-09-2024,15
32,4750,25-04-2017,8
47,4528,05-06-2024,7
25,8628,15-03-2018,12
38,8438,16-09-2023,7
45,3491,03-06-2019,15
52,8000,05-03-2023,7
25,3256,25-11-2023,19
56,2254,31-10-2017,8
62,7803,20-12-2019,8
59,2593,29-07-2016,14
42,2614,13-10-2015,18
44,7895,17-06-2019,13
46,8006,23-07-2023,6
19,7335,09-01-2019,3
39,3353,12-11-2017,15
30,7252,27-11-2021,14
45,4213,12-11-2016,12
41,2392,15-03-2024,20
55,8344,10-10-2015,19
61,2928,04-08-2018,15
31,3830,26-12-2019,5
63,6886,30-12-2018,18
20,4275,26-08-2022,8
51,4503,15-03-2020,5
29,7903,22-01-2018,1
49,6590,09-03-2023,15
41,5988,03-02-2016,2
52,3504,12-02-2022,9
50,7153,07-08-2024,1
20,7485,16-09-2015,2
23,7559,09-04-2022,20
49,5850,11-10-2020,17
28,4984,21-12-2023,12
21,9474,24-05-2016,4
61,6231,01-04-2015,15
22,8147,16-06-2019,17
42,9067,15-03-2017,5
58,2489,20-03-2018,1
64,5606,05-08-2015,19
63,6013,28-09-2023,10
26,3556,06-11-2021,1
29,9726,13-04-2015,2
28,6610,08-06-2020,12
43,9269,05-10-2018,13
30,7241,18-12-2014,1
28,7632,16-05-2020,12
33,7941,24-08-2017,14
61,8450,17-11-2023,2
32,7537,30-05-2018,10
27,2593,27-07-2017,20
43,2355,29-03-2015,5
40,2567,24-08-2016,15
32,8745,01-08-2019,13
32,6309,25-03-2023,5
20,7431,07-09-2022,8
34,8079,05-06-2024,18
22,8844,29-05-2019,14
64,5850,05-06-2015,4
37,8104,24-11-2020,20
57,6316,07-01-2022,13
22,9294,04-05-2020,11
63,2418,21-08-2018,7
35,6638,31-12-2016,13
52,4967,25-10-2019,3
59,4496,22-05-2023,20
40,9276,27-09-2016,12
20,6520,25-05-2021,2
57,9505,18-08-2024,6
31,9268,27-07-2017,5
22,7728,24-09-2017,17
56,5092,09-08-2015,19
51,6689,21-05-2023,18
64,4303,14-08-2015,8
52,3739,29-06-2016,5
27,4777,25-10-2023,12
41,7380,25-10-2023,13
37,3524,22-07-2016,12
43,4117,20-10-2015,5
51,2370,26-02-2018,5
39,3677,04-08-2015,3
27,5837,16-11-2024,14
64,8406,20-10-2024,7
49,5735,13-04-2019,4
19,8798,07-06-2015,15
30,5836,05-03-2023,11
46,7729,11-04-2022,7
49,4385,14-08-2019,1
45,5367,02-04-2023,13
52,2041,22-11-2022,8
41,3720,16-08-2015,15
29,7080,12-09-2015,4
62,4753,13-06-2020,20
46,6746,31-07-2019,16
38,7860,25-01-2023,8
41,9516,07-04-2021,13
26,6763,19-04-2017,16
27,7375,31-01-2023,16
37,5439,23-06-2016,14
51,6877,19-07-2018,4
41,8618,04-12-2023,6
56,8236,06-11-2023,2
60,7865,08-09-2015,8
43,4246,12-06-2019,11
53,5333,05-01-2023,19
26,9146,29-07-2024,3
65,6442,19-01-2019,14
48,4183,03-10-2020,6
26,4741,30-10-2021,12
45,8888,11-08-2023,13
57,8958,07-06-2021,1
29,8526,08-12-2021,2
40,4566,18-10-2021,2
63,2663,31-07-2019,16
41,3824,20-10-2018,9
23,2978,17-05-2022,5
54,4395,21-09-2019,18
21,3294,20-05-2019,13
34,8946,04-12-2023,14
55,6737,15-01-2024,8
19,9946,08-04-2016,17
44,7571,22-07-2017,7
25,8957,15-10-2022,18
27,9861,05-04-2015,10
24,5998,22-02-2017,1
57,2495,30-01-2024,9
35,5070,10-08-2022,7
35,6622,09-01-2020,19
21,6980,14-03-2018,1
65,7570,04-08-2024,5
47,4781,11-12-2021,18
29,4297,02-12-2023,10
65,5765,16-12-2016,9
44,6741,19-06-2015,10
65,5473,22-10-2020,13
18,4923,09-05-2021,8
56,2016,13-07-2020,18
65,3820,03-02-2024,2
56,2646,12-01-2018,12
20,3225,20-08-2023,1
19,8893,14-11-2024,7
28,8039,04-07-2024,8
28,5496,21-01-2015,18
41,4368,10-11-2023,11
28,6725,02-08-2016,16
29,5215,08-09-2021,6
43,3929,26-02-2017,17
27,6050,05-11-2017,15
64,8514,21-05-2021,8
44,6034,27-05-2020,9
36,5608,21-06-2020,9
26,5993,30-08-2024,17
55,5001,07-11-2016,7
22,5217,17-05-2019,12
53,9181,17-02-2024,1
42,2106,10-02-2017,9
23,6730,12-05-2024,18
51,2700,04-12-2018,12
50,8594,30-10-2021,9
30,3558,16-10-2020,18
52,7471,14-03-2023,9
62,6359,12-01-2021,15
62,9773,23-09-2019,19
22,6558,30-10-2021,14
32,7401,28-07-2020,8
28,8308,21-10-2018,18
25,2712,28-05-2016,10
64,3934,09-07-2022,20
50,3135,20-03-2020,17
62,3980,09-01-2024,9
35,8602,30-10-2018,17
32,3726,11-10-2021,4
62,3278,29-08-2021,10
24,5716,13-12-2019,15
56,7339,06-01-2023,1
41,3067,06-12-2023,19
59,8297,13-10-2015,1
48,9293,10-03-2015,17
42,4243,24-05-2023,2
35,9630,03-07-2018,1
37,9844,28-11-2020,4
46,6688,06-05-2019,16
60,2949,12-11-2015,18
44,2246,02-05-2016,6
18,2302,08-01-2024,6
37,8961,04-09-2020,1
36,3619,08-06-2021,7
19,8100,06-02-2019,4
55,3072,26-08-2022,16
55,2247,18-02-2018,19
18,4941,11-12-2022,19
44,6936,20-11-2016,2
40,7002,06-08-2019,20
32,2759,10-05-2016,7
54,9988,08-12-2015,16
61,2646,25-03-2019,17
53,3093,23-10-2016,7
28,4004,22-10-2016,10
30,4615,07-01-2022,11
31,3299,28-02-2018,10
20,2492,25-09-2016,3
38,8388,02-08-2021,20
39,9823,02-04-2019,1
53,6092,01-09-2021,16
46,5594,05-09-2016,3
37,6468,17-11-2018,13
63,9838,10-06-2015,20
47,2766,11-10-2018,20
31,8103,23-05-2020,4
24,8608,30-10-2018,20
50,3902,21-10-2020,5
32,7206,11-01-2018,9
26,5184,09-12-2018,11
50,3609,30-01-2020,3
48,2152,04-07-2020,11
26,9704,30-05-2019,9
20,2061,05-09-2024,14
28,2673,05-10-2023,17
29,8220,20-11-2019,11
24,7887,22-01-2018,14
28,9163,05-10-2018,12
63,2640,24-10-2020,3
39,2831,22-03-2022,8
52,7404,06-01-2024,15
37,8201,13-11-2017,16
51,9646,08-08-2021,18
23,7551,18-10-2018,13
50,8941,12-09-2018,11
46,3768,19-10-2022,4
32,9370,08-05-2021,20
20,7155,17-11-2015,1
55,6345,06-03-2019,2
35,2042,22-12-2016,4
18,2392,08-03-2017,20
41,4208,26-02-2023,5
22,3141,06-02-2024,19
38,3532,18-11-2018,1
27,3247,22-09-2021,11
34,5168,15-12-2023,14
49,7111,15-03-2022,18
28,4002,25-03-2015,12
18,8824,03-11-2015,11
32,3736,26-09-2018,17
32,9772,05-05-2021,8
35,3433,07-03-2024,11
60,3154,13-02-2016,12
19,6531,01-11-2018,10
62,2844,11-04-2015,10
24,2401,21-01-2020,19
47,5440,19-09-2016,11
42,9390,05-08-2021,13
64,7293,05-12-2022,4
18,7088,05-11-2020,7
38,7948,06-09-2020,18
49,9323,19-01-2021,18
47,7876,30-04-2019,1
28,8165,27-12-2020,4
35,9906,18-12-2018,9
53,8742,05-04-2019,16
55,4040,23-05-2015,19
20,2256,10-04-2020,9
58,2593,01-08-2019,11
20,7375,15-02-2016,2
30,7847,04-04-2024,10
52,6509,07-05-2021,1
37,4680,22-11-2020,13
50,7767,24-03-2021,3
65,8054,04-01-2022,9
36,5765,31-08-2023,17
54,5240,13-07-2016,12
48,3845,14-09-2015,13
55,8646,24-03-2018,14
62,4160,25-08-2021,12
50,6272,19-01-2018,1
31,4654,01-05-2020,7
64,9282,06-10-2016,20
64,5152,05-05-2019,15
53,4213,21-06-2018,1
59,3105,09-07-2017,9
19,6934,20-10-2019,8
36,9775,24-11-2018,5
63,5417,05-12-2019,11
31,6675,21-10-2017,9
51,5740,29-09-2023,17
42,4781,20-01-2023,4
26,8377,23-06-2022,7
64,8635,09-06-2020,20
64,4232,21-05-2023,10
23,7218,17-01-2017,19
36,9295,04-03-2020,7
20,6165,22-12-2017,9
23,3790,01-08-2024,13
52,9364,05-11-2019,5
21,5970,09-11-2016,6
23,7974,26-07-2018,14
21,7343,01-02-2019,7
21,3913,23-11-2017,9
65,4565,10-04-2022,2
37,3622,10-02-2017,15
54,5589,18-08-2021,10
51,2218,10-02-2023,5
19,2277,21-10-2019,4
24,8973,18-03-2016,4
51,3779,27-11-2021,20
37,6354,03-12-2021,9
45,7756,05-07-2018,5
40,6918,03-02-2019,1
33,9323,16-10-2017,10
37,2899,10-02-2021,4
28,8643,23-04-2019,11
58,4038,06-09-2020,13
19,8687,19-11-2016,9
36,6907,28-04-2015,6
57,2850,24-10-2019,1
47,3343,26-01-2022,1
61,5508,06-04-2016,5
19,3896,21-09-2023,12
59,5042,18-04-2018,13
55,8505,23-12-2022,9
40,4393,21-12-2020,7
28,3453,01-05-2017,13
20,3500,11-08-2020,20
65,5816,24-06-2021,9
48,8150,30-03-2017,3
47,7270,11-12-2022,3
28,6861,10-02-2023,12
51,6903,10-06-2020,9
43,9053,20-02-2024,9
43,6853,28-08-2017,10
23,4156,05-11-2015,17
29,8335,02-01-2020,17
23,8898,09-04-2020,15
31,6174,05-07-2015,3
62,7445,04-05-2017,19
28,3478,03-05-2020,16
35,4196,05-11-2022,6
20,2372,13-10-2018,8
60,3436,22-10-2021,10
59,8057,27-08-2020,6
40,5765,16-09-2016,18
35,5900,25-04-2015,12
42,8696,09-12-2023,11
58,2477,08-10-2024,4
19,6725,25-10-2022,6
29,7514,26-07-2022,8
21,4750,10-03-2020,8
48,5309,29-03-2023,5
50,9782,20-04-2015,9
27,6589,16-10-2016,3
20,4483,29-07-2016,19
20,9044,08-10-2021,7
29,3504,05-07-2016,10
35,5531,13-01-2017,7
60,4255,12-09-2021,17
47,2145,23-08-2021,10
63,7897,20-08-2024,20
61,3742,17-08-2017,16
50,4721,08-11-2024,16
62,2873,18-09-2019,1
61,3398,15-10-2019,4
22,4927,13-05-2016,20
48,2106,28-02-2020,3
39,7614,22-03-2021,10
44,8634,28-02-2021,3
43,4925,25-05-2016,3
53,5273,27-07-2021,4
42,9621,18-11-2018,16
39,7371,02-02-2017,4
28,7873,10-09-2022,2
42,9871,09-07-2018,5
51,4164,11-09-2020,8
23,5648,05-07-2020,19
54,9592,03-06-2020,1
57,2096,02-10-2016,1
40,4386,22-04-2024,19
47,7123,04-04-2019,11
41,3591,22-09-2015,18
22,5449,10-03-2016,2
26,4664,15-12-2023,16
20,7345,11-12-2014,11
45,7615,27-04-2021,7
27,6899,04-09-2017,3
60,5107,27-11-2017,4
49,5126,24-07-2015,13
60,2131,17-06-2015,19
57,6974,13-08-2024,6
49,7298,21-09-2020,18
36,4936,13-04-2022,12
64,2962,16-04-2019,17
36,2321,11-12-2023,1
60,5312,29-09-2021,8
60,4524,05-06-2015,3
65,9136,05-07-2020,3
40,6352,03-06-2020,4
36,7378,26-10-2016,2
21,8147,29-03-2022,2
44,5551,13-09-2021,17
44,2683,30-09-2018,3
25,9392,20-04-2024,17
24,2727,07-12-2020,1
25,2797,26-03-2021,17
36,2709,07-09-2021,9
44,3062,28-01-2021,3
41,8189,12-10-2016,3
25,3647,18-10-2020,19
41,9409,17-09-2023,16
34,2786,27-07-2017,6
51,2892,06-10-2016,8
51,8009,14-12-2020,15
51,5497,26-12-2021,13
58,2451,22-11-2020,2
54,9098,05-09-2022,4
36,2162,22-05-2019,7
45,2532,25-05-2021,7
40,8831,27-01-2021,8
53,8632,27-12-2020,15
28,9146,16-10-2022,13
39,8348,11-06-2023,19
28,5009,14-08-2017,1
38,9666,14-04-2016,15
34,3395,31-05-2015,4
53,9917,07-07-2017,16
32,9626,25-04-2020,16
34,4424,22-08-2021,19
19,9825,16-11-2018,5
51,9654,15-04-2022,11
30,6212,05-05-2021,15
48,3927,13-07-2019,20
42,3414,13-02-2023,20
62,4483,01-06-2021,8
27,6086,05-06-2016,1
26,6745,10-10-2024,16
19,6166,12-10-2020,10
64,7841,29-08-2017,14
39,4949,27-08-2022,7
45,8462,12-03-2019,2
30,9314,08-11-2016,4
62,5349,12-12-2020,8
53,7659,02-09-2020,16
61,7765,22-03-2018,16
58,3703,11-04-2016,6
39,9653,08-08-2021,19
37,2511,02-07-2022,5
44,6141,15-05-2017,1
18,2973,29-05-2019,4
54,6145,03-02-2019,7
46,5031,16-06-2018,7
49,4679,27-11-2022,15
20,3265,16-12-2022,7
19,4666,01-06-2016,16
33,2078,22-09-2021,15
27,3153,04-12-2020,5
65,3369,09-03-2016,12
59,9265,17-04-2021,3
35,3717,16-07-2016,4
28,9518,05-10-2024,9
30,2912,21-12-2018,11
63,5419,17-08-2016,7
37,5423,27-09-2015,18
35,9926,04-09-2016,7
44,4713,09-10-2017,2
49,5690,09-02-2016,20
52,7496,27-05-2019,6
22,8220,24-02-2023,12
52,4721,08-01-2024,7
27,6247,20-03-2024,9
23,2372,01-06-2020,1
53,8136,25-02-2016,6
35,5940,17-12-2023,5
61,8381,17-12-2021,8
58,3241,16-09-2023,6
44,9092,11-06-2018,20
60,3710,12-07-2023,19
62,7862,20-10-2018,3
52,9993,27-11-2020,12
65,4716,23-02-2017,17
27,7359,06-09-2018,7
31,3565,30-11-2021,4
31,6825,04-06-2023,12
64,5547,28-03-2023,7
18,5520,09-10-2015,12
43,5163,30-11-2022,7
54,7880,19-09-2024,6
31,8949,21-10-2018,5
26,6872,30-08-2017,15
52,5262,16-09-2017,9
52,7966,01-11-2022,13
65,3535,08-05-2020,19
54,9279,24-03-2021,18
60,4635,16-10-2023,9
20,3716,07-01-2023,11
55,7497,03-02-2024,20
50,7236,17-02-2024,12
25,3612,19-10-2021,15
18,7530,22-06-2016,1
54,4232,03-07-2015,3
63,6576,08-01-2016,11
53,4215,19-11-2022,9
47,4906,08-06-2019,8
42,7551,11-04-2018,10
36,7188,06-04-2023,18
59,2801,07-04-2015,9
22,7904,30-01-2024,10
60,8240,27-11-2017,13
30,2087,09-01-2015,6
36,8775,31-05-2021,3
21,9051,26-03-2021,20
33,9693,29-08-2017,17
36,4316,16-02-2021,17
35,7435,20-12-2018,19
55,4560,14-01-2023,20
55,6659,07-06-2021,18
26,8255,20-08-2017,2
59,5937,15-10-2023,11
61,7347,23-10-2017,8
60,6762,22-07-2017,2
61,5369,21-03-2024,7
54,6897,02-01-2021,20
24,2499,19-08-2018,8
23,7314,04-01-2016,17
41,9285,11-04-2023,19
41,7503,30-08-2018,6
28,8971,21-03-2016,17
23,7176,13-03-2015,6
45,4808,13-12-2019,10
28,8191,10-02-2022,2
39,2947,04-10-2021,10
47,8619,23-08-2024,13
19,5015,26-07-2021,8
22,5700,15-09-2021,16
55,3695,08-06-2016,6
50,4694,25-05-2021,10
26,2387,20-05-2019,11
41,8495,06-09-2022,19
41,7556,03-02-2023,16
52,5282,22-10-2022,5
25,7713,18-05-2017,20
34,6706,15-10-2018,13
29,3452,29-11-2022,19
50,8274,06-11-2023,3
18,5086,05-06-2022,4
54,2937,03-10-2018,13
54,6185,29-10-2016,1
53,8758,14-07-2023,5
41,7686,16-02-2015,13
47,2029,05-12-2019,17
51,7315,02-10-2024,8
65,8456,26-03-2016,14
21,8766,21-06-2020,10
43,8772,13-10-2021,6
52,7588,26-05-2017,9
32,9511,23-05-2022,3
48,6114,04-08-2021,1
37,7496,18-02-2020,7
60,8117,13-04-2020,7
31,4345,03-05-2024,12
34,7651,27-01-2019,2
19,8059,24-07-2017,3
56,3168,02-04-2016,6
36,6289,27-03-2016,12
56,4269,15-06-2020,13
44,9819,15-07-2022,13
52,7473,24-04-2023,10
29,7568,13-01-2024,17
50,3312,08-06-2023,4
39,6644,03-01-2018,7
42,9658,31-10-2019,14
22,7388,07-09-2016,13
36,2371,16-03-2023,5
42,2015,08-05-2020,14
59,5628,08-10-2016,4
34,9951,18-02-2024,6
38,5134,04-12-2022,14
49,6502,28-05-2022,1
29,4999,25-02-2021,16
59,4875,18-01-2015,6
56,5322,10-10-2022,6
31,3340,19-12-2016,4
21,6900,21-09-2016,10
50,6907,09-01-2024,4
45,6585,18-02-2016,9
22,3625,24-10-2016,14
56,9761,14-05-2020,6
29,4077,25-10-2015,3
52,5090,26-12-2015,9
39,9553,30-05-2018,15
34,6162,30-04-2018,10
38,6578,13-09-2023,1
48,7192,05-12-2016,4
55,6341,31-07-2023,13
23,3405,11-01-2016,20
62,4876,11-12-2019,18
45,5730,10-01-2016,19
22,3681,23-04-2020,16
20,2850,24-10-2017,18
50,9616,03-02-2017,13
37,3364,10-12-2015,8
30,2735,11-11-2015,16
62,4369,04-12-2024,17
65,8129,29-02-2016,10
52,9963,22-09-2016,20
60,8067,03-12-2023,8
57,8927,22-07-2024,17
49,7068,22-05-2019,11
38,8277,05-09-2020,9
60,2300,17-02-2017,13
35,7251,15-12-2020,19
29,9402,13-12-2017,1
49,2940,05-05-2020,8
23,6916,11-10-2016,10
60,4595,17-07-2016,6
62,7389,03-01-2021,10
52,5770,20-06-2016,10
44,2389,10-04-2015,15
43,5833,28-06-2021,15
20,2786,14-10-2024,15
53,5616,31-07-2022,16
42,4887,28-08-2020,13
49,3437,19-08-2019,18
54,6091,22-01-2018,12
34,6501,25-10-2023,13
51,6415,20-03-2022,8
63,7490,11-03-2023,16
63,4954,22-11-2021,15
21,3896,14-03-2021,7
65,6788,22-01-2024,6
35,3433,06-09-2020,3
46,3132,04-07-2015,10
65,2959,26-06-2019,2
50,2736,25-08-2024,13
25,4977,05-07-2024,19
65,8928,05-04-2020,6
53,8260,30-08-2020,15
50,5639,07-09-2015,1
22,9049,21-06-2016,19
23,6871,11-04-2016,15
18,3388,26-08-2024,19
37,3288,16-05-2018,15
52,2093,22-09-2020,14
19,9331,03-07-2018,12
24,5081,30-10-2020,7
18,6086,30-05-2019,7
55,4952,04-09-2023,5
28,2244,06-07-2021,2
31,4921,29-08-2016,19
46,8696,14-10-2022,1
43,8830,10-09-2021,19
41,8768,27-08-2018,16
62,8555,21-04-2017,14
39,9618,05-07-2015,13
31,5605,28-06-2024,1
36,9118,02-07-2022,5
18,9985,05-11-2022,18
53,3991,03-09-2024,8
23,4311,17-08-2019,10
25,5524,24-11-2022,8
31,3371,25-09-2018,12
22,3096,27-10-2018,7
49,7652,23-06-2024,3
29,6754,20-07-2018,12
18,5278,05-07-2023,3
51,5437,18-02-2022,9
45,7364,31-07-2022,4
